EngWord,NldWord,Freq,NldWordLength,FreqScore,LenScore,TotalScore
European water shrew,Europese waterspitsmuis,0,23,5,5,10
even-toed ungulate,evenhoevige hoefdieren,0,22,5,5,10
plantigrade mammal,plantigrade zoogdier,0,20,5,5,10
Belgian sheepdog,Belgische herdershond,0,21,5,5,10
Kerry blue terrier,Kerry blauwe terriër,0,20,5,5,10
American foxhound,Amerikaanse jachthond,0,21,5,5,10
Shetland sheepdog,Shetland herdershond,0,20,5,5,10
Old World beaver,Oude Wereld bever,0,17,5,5,10
tailless tenrec,staartloze tenrec,0,17,5,5,10
round-tailed muskrat,rondstaartmuskusrat,0,19,5,5,10
Algeripithecus minutus,Algeripithecus minutus,0,22,5,5,10
Asiatic black bear,Aziatische zwarte beer,0,22,5,5,10
Eurasian hamster,Euraziatische hamster,0,21,5,5,10
digitigrade mammal,digitaal zoogdier,0,17,5,5,10
Brabancon griffon,Brabantse griffioen,0,19,5,5,10
brush-tailed phalanger,borstelstaart phalanger,0,23,5,5,10
Alaska fur seal,Alaska pelsrobben,0,17,5,5,10
Asian wild ox,Aziatische wilde os,0,19,5,5,10
red-backed mouse,muis met rode rug,0,17,5,5,10
Alaskan brown bear,Alaskan bruine beer,0,19,5,5,10
Ord kangaroo rat,Orde kangoeroe rat,0,18,5,5,10
Australopithecus boisei,Australopithecus boisei,0,23,5,5,10
American mink,Amerikaanse nerts,0,17,5,5,10
Desmodus rotundus,Desmodus rotundus,0,17,5,5,10
seizure-alert dog,aanval-waarschuwing hond,0,24,5,5,10
wire-haired fox terrier,ruwharige foxterriër,0,20,5,5,10
mouse-eared bat,muis-eared vleermuis,0,20,5,5,10
Homo sapiens sapiens,Homo sapiens sapiens,0,20,5,5,10
Pacific bottlenose dolphin,Pacifische tuimelaar,0,20,5,5,10
pere david's deer,pere david's hert,0,17,5,5,10
Bernese mountain dog,Berner Sennenhond,0,17,5,5,10
greater pichiciego,grotere piciciego,0,17,5,5,10
American saddle horse,Amerikaans zadelpaard,0,21,5,5,10
two-toed sloth,tweevingerige luiaard,0,21,5,5,10
Atlantic bottlenose dolphin,Atlantische tuimelaar,0,21,5,5,10
three-toed sloth,drievingerige luiaard,0,21,5,5,10
American mastodon,Amerikaanse mastodont,0,21,5,5,10
Damaraland mole rat,Damaraland molrat,0,17,5,5,10
toy Manchester,speelgoed Manchester,0,20,5,5,10
leafnose bat,bladneusvleermuis,0,17,5,5,10
African wild ass,Afrikaanse wilde kont,0,21,5,5,10
australopithecine,australopithecine,0,17,5,5,10
English foxhound,Engelse jachthond,0,17,5,5,10
rabbit-eared bandicoot,konijnenoorbandicoot,0,20,5,5,10
New World monkey,Nieuwe Wereld aap,0,17,5,5,10
King Charles spaniel,King Charles spaniël,0,20,5,5,10
nail-tailed wallaby,Nagelstaartwallaby,0,18,5,5,10
Pteropus capestratus,Pteropus capestratus,0,20,5,5,10
Indian rhinoceros,Indische neushoorn,0,18,5,5,10
Duplicidentata,Dubbele identificatiegegevens,0,29,5,5,10
American red squirrel,Amerikaanse rode eekhoorn,0,25,5,5,10
Atlantic walrus,Atlantische walrus,0,18,5,5,10
striped muishond,gestreepte muishond,0,19,5,5,10
Staffordshire bullterrier,Staffordshire bullterrier,0,25,5,5,10
Asiatic flying squirrel,Aziatische vliegende eekhoorn,0,29,5,5,10
musteline mammal,musteline zoogdier,0,18,5,5,10
crab-eating raccoon,krab-etende wasbeer,0,19,5,5,10
European wildcat,Europese wilde kat,0,18,5,5,10
Australopithecus africanus,Australopithecus africanus,0,26,5,5,10
western big-eared bat,westerse grootoorvleermuis,0,26,5,5,10
Mediterranean water shrew,Mediterrane waterspitsmuis,0,26,5,5,10
slender-tailed meerkat,slanke staart stokstaartje,0,26,5,5,10
American marten,Amerikaanse marter,0,18,5,5,10
American water shrew,Amerikaanse waterspitsmuis,0,26,5,5,10
New World least weasel,Nieuwe Wereld minste wezel,0,26,5,5,10
New World mouse,Nieuwe Wereld muis,0,18,5,5,10
vespertilian bat,vespertiliaanse vleermuis,0,25,5,5,10
New World beaver,Nieuwe Wereld bever,0,19,5,5,10
American flying squirrel,Amerikaanse vliegende eekhoorn,0,30,5,5,10
Chesapeake Bay retriever,Chesapeake Bay retriever,0,24,5,5,10
Rhodesian ridgeback,Rhodesian Ridgeback,0,19,5,5,10
American water spaniel,Amerikaanse waterspaniël,0,24,5,5,10
fossorial mammal,fossiele zoogdieren,0,19,5,5,10
hairy-legged vampire bat,vampiervleermuis met harige poten,0,33,5,5,10
English toy spaniel,Engelse speelgoedspaniël,0,24,5,5,10
odd-toed ungulate,onevenhoevige hoefdieren,0,24,5,5,10
Tennessee walker,Tennessee wandelaar,0,19,5,5,10
American Staffordshire terrier,Amerikaanse Staffordshireterriër,0,32,5,5,10
Marco Polo sheep,Marco Polo schapen,0,18,5,5,10
Old World porcupine,Stekelvarken uit de oude wereld,0,31,5,5,10
Przewalski's horse,Przewalski's paard,0,18,5,5,10
Mexican hairless,Mexicaans haarloos,0,18,5,5,10
Mexican pocket mouse,Mexicaanse zakmuis,0,18,5,5,10
West Highland white terrier,West Highland White Terriër,0,27,5,5,10
flying phalanger,vliegende falanger,0,18,4,5,9
Sinanthropus,Sinanthropus,0,12,5,4,9
Thomson's gazelle,Thomson's gazelle,0,17,4,5,9
Eurasian badger,Euraziatische das,0,17,4,5,9
Afghan hound,Afghaanse windhond,0,18,4,5,9
Manchester terrier,Manchester Terriër,0,18,4,5,9
fissiped mammal,gespleten zoogdier,0,18,4,5,9
jerboa,springkussen,0,12,5,4,9
curly-coated retriever,gekrulde retriever,0,18,4,5,9
crab-eating macaque,krab-etende makaak,0,18,4,5,9
Labrador retriever,labrador retriever,0,18,4,5,9
starnose mole,sterneus mol,0,12,5,4,9
rudapithecus,rudapithecus,0,12,5,4,9
Skye terrier,Skye Terriër,0,12,5,4,9
Homo habilis,homo habilis,0,12,5,4,9
eastern dasyure,oostelijke dasyure,0,18,4,5,9
black-footed ferret,zwartvoetige fret,0,17,4,5,9
Tarsius glis,Tarsius glis,0,12,5,4,9
hognose bat,hognose vleermuis,13157,17,4,5,9
megatherian,megatherisch,0,12,5,4,9
New World porcupine,Stekelvarken uit de nieuwe wereld,0,33,4,5,9
dusky-footed woodrat,schemerige bosrat,0,17,4,5,9
Irish setter,Ierse setter,0,12,5,4,9
Great Pyrenees,Grote Pyreneeën,0,15,5,4,9
spearnose bat,harpoenvleermuis,0,16,5,4,9
snake muishond,slang muishond,0,14,5,4,9
yellow-throated marten,geelkeelmarter,0,14,5,4,9
Indian elephant,Indische olifant,0,16,5,4,9
Lakeland terrier,Lakeland Terriër,0,16,5,4,9
water chevrotain,water chevrotain,0,16,5,4,9
Belgian hare,Belgische haas,0,14,5,4,9
English springer,Engelse springer,0,16,5,4,9
hispid pocket mouse,spitse zakmuis,0,14,5,4,9
Barbary ape,Barbarijse aap,0,14,5,4,9
yellowbelly marmot,geelbuikmarmot,0,14,5,4,9
Norfolk terrier,Norfolk Terriër,0,15,5,4,9
stalking-horse,stalking-paard,0,14,5,4,9
Scottish deerhound,Schotse deerhound,0,17,4,5,9
three-year-old horse,driejarig paard,0,15,5,4,9
Sussex spaniel,Sussex spaniël,0,14,5,4,9
Brown Swiss,Bruin Zwitsers,0,14,5,4,9
Aberdeen Angus,Aberdeen Angus,0,14,5,4,9
Jaculus jaculus,Jaculus jaculus,0,15,5,4,9
Dandie Dinmont,Dandie Dinmont,0,14,5,4,9
French bulldog,Franse bulldog,0,14,5,4,9
Irish wolfhound,Ierse wolfshond,0,15,5,4,9
Egyptian cat,Egyptische kat,0,14,5,4,9
lesser rorqual,mindere rorqual,0,15,5,4,9
Homo soloensis,Homo soloensis,0,14,5,4,9
Old World monkey,Oude Wereld aap,0,15,5,4,9
Arabian camel,Arabische kameel,0,16,5,4,9
Indian buffalo,Indiase buffel,0,14,5,4,9
Brittany spaniel,Bretagne spaniël,0,16,5,4,9
Indian mongoose,Indiase mangoest,0,16,5,4,9
American bison,Amerikaanse bizon,0,17,4,5,9
Persian cat,Perzische kat,0,13,5,4,9
Malayan tapir,Maleise tapir,0,13,5,4,9
Yorkshire terrier,Yorkshire terriër,0,17,4,5,9
Welsh terrier,Welsh Terriër,0,13,5,4,9
flickertail,flikkeringsstaart,14601,17,4,5,9
Pacific walrus,Pacifische walrus,0,17,4,5,9
proboscidean,proboscidean,0,12,5,4,9
Bactrian camel,Bactrische kameel,0,17,4,5,9
European wood mouse,Europese bosmuis,0,16,4,5,9
Norwegian elkhound,Noorse elandhond,0,16,4,5,9
Steller sea lion,Steller zeeleeuw,0,16,4,5,9
jerboa kangaroo,jerboa kangoeroe,0,16,4,5,9
Tasmanian devil,Tasmaanse duivel,0,16,4,5,9
Sealyham terrier,Sealyham Terriër,0,16,4,5,9
grevy's zebra,grevy's zebra,0,13,5,4,9
Bengal tiger,Bengaalse tijger,0,16,4,5,9
Siberian husky,Siberische husky,0,16,4,5,9
Neandertal man,Neanderthaler,0,13,5,4,9
Cape buffalo,Kaapse buffel,0,13,5,4,9
entellus,verstandelijk,0,13,5,4,9
German shepherd,Duitse herder,0,13,5,4,9
Canada lynx,Canadese lynx,0,13,5,4,9
white-tailed jackrabbit,witstaarthaas,0,13,5,4,9
woolly indris,wollige indris,0,14,5,4,9
eastern woodrat,oostelijke houtrat,0,18,4,5,9
dasyurid marsupial,dasyurid buideldier,0,19,4,5,9
Tibetan terrier,Tibetaanse terriër,0,18,4,5,9
Maltese dog,Maltese hond,0,12,5,4,9
Hudson bay collared lemming,Hudsonbaai-kraaglemming,0,23,4,5,9
black-and-tan coonhound,black-and-tan coonhound,0,23,4,5,9
Welsh springer spaniel,Welsh springer spaniël,0,22,4,5,9
California sea lion,Californische zeeleeuw,0,22,4,5,9
Smiledon californicus,Smilodon californicus,0,21,4,5,9
American harvest mouse,Amerikaanse oogstmuis,0,21,4,5,9
dusky-footed wood rat,schemerige houten rat,0,21,4,5,9
Old World buffalo,Oude Wereld buffel,0,18,4,5,9
false saber-toothed tiger,valse sabeltandtijger,0,21,4,5,9
hog-nosed skunk,varkensneus stinkdier,0,21,4,5,9
Australian sea lion,Australische zeeleeuw,0,21,4,5,9
smooth-haired fox terrier,kortharige foxterriër,0,21,4,5,9
Weimaraner,Weimarse staande hond,0,21,4,5,9
Canada porcupine,Canadese stekelvarken,0,21,4,5,9
two-toed sloth,tweevingerige luiaard,0,21,4,5,9
American black bear,Amerikaanse zwarte beer,0,23,4,5,9
Arctic ground squirrel,Arctische grondeekhoorn,0,23,4,5,9
Cynocephalus variegatus,Cynocephalus variegatus,0,23,4,5,9
soft-coated wheaten terrier,zachtgecoate tarweterriër,0,25,4,5,9
long-tailed porcupine,stekelvarken met lange staart,0,29,4,5,9
Greater Swiss Mountain dog,Grote Zwitserse Sennenhond,0,26,4,5,9
Australopithecus afarensis,Australopithecus afarensis,0,26,4,5,9
eastern pipistrel,oostelijke dwergvleermuis,0,25,4,5,9
Australopithecus robustus,Australopithecus robustus,0,25,4,5,9
brush-tailed porcupine,borstelstaartstekelvarken,0,25,4,5,9
South American sea lion,Zuid-Amerikaanse zeeleeuw,0,25,4,5,9
Old English sheepdog,Oude Engelse herdershond,0,24,4,5,9
American shrew mole,Amerikaanse spitsmuis mol,0,25,4,5,9
Asiatic shrew mole,Aziatische spitsmuis mol,0,24,4,5,9
long-eared bat,vleermuis met lange oren,0,24,4,5,9
German short-haired pointer,Duitse kortharige wijzer,0,24,4,5,9
liver-spotted dalmatian,lever-gevlekte dalmatiër,0,24,4,5,9
Old World least weasel,Oude Wereld minste wezel,0,24,4,5,9
Phyllostomus hastatus,Phyllostomus hastatus,0,21,4,5,9
black-tailed deer,zwartstaarthert,0,15,5,4,9
Cryptoprocta,Cryptoprocta,0,12,5,4,9
Bouvier des Flandres,Bouvier des Flandres,0,20,4,5,9
Bedlington terrier,Bedlington Terriër,0,18,4,5,9
New World tapir,Nieuwe Wereld tapir,0,19,4,5,9
western pipistrel,westelijke pistrel,0,18,4,5,9
European lemming,Europese lemmingen,0,18,4,5,9
Tibetan mastiff,Tibetaanse mastiff,0,18,4,5,9
African elephant,Afrikaanse olifant,0,18,4,5,9
African hunting dog,Afrikaanse jachthond,0,20,4,5,9
Australian terrier,Australische terriër,0,20,4,5,9
Clydesdale terrier,Clydesdale Terriër,0,18,4,5,9
crabeater seal,krabbeneter zeehond,0,19,4,5,9
big-eared bat,grote oren vleermuis,0,20,4,5,9
blue point Siamese,blauwe punt Siamees,0,19,4,5,9
Irish water spaniel,Ierse waterspaniël,0,18,4,5,9
Gazella subgutturosa,Gazella subgutturosa,0,20,4,5,9
Italian greyhound,Italiaanse windhond,0,19,4,5,9
typical jerboa,typische jerboa,0,15,5,4,9
Newfoundland,Newfoundland,0,12,5,4,9
flat-coated retriever,flatcoated retriever,0,20,4,5,9
Javanthropus,Javanthropus,0,12,5,4,9
crab-eating opossum,krab-etende opossum,0,19,4,5,9
white-lipped peccary,witlippekari,0,12,5,4,9
short-tailed shrew,kortstaartspitsmuis,0,19,4,5,9
Eurasian otter,Euraziatische otter,0,19,4,5,9
Pteropus hypomelanus,Pteropus hypomelanus,0,20,4,5,9
Homo sapiens,Homo sapiens,0,12,5,4,9
Welsh pony,Welsh pony,0,10,5,3,8
pipistrelle,dwergvleermuis,20000,14,4,4,8
douroucouli,doroucouli,0,10,5,3,8
mapinguari,mapinguari,0,10,5,3,8
monotreme,monotreme,0,9,5,3,8
Rottweiler,Rottweiler,0,10,5,3,8
Chiacoan peccary,Chiacoan pekari,0,15,4,4,8
American badger,Amerikaanse das,0,15,4,4,8
Virginia deer,Virginia herten,0,15,4,4,8
jaguarundi,jaguarundi,0,10,5,3,8
Steller's sea cow,Stellers zeekoe,0,15,4,4,8
Scotch terrier,Schotse terriër,0,15,4,4,8
Norwich terrier,Norwich Terriër,0,15,4,4,8
Santa Gertrudis,Santa Gertrudis,0,15,4,4,8
Boskop man,Boskop man,0,10,5,3,8
Japanese deer,Japanse herten,0,14,4,4,8
bottle-nosed whale,flesneuswalvis,0,14,4,4,8
freetail,vrijstaart,0,10,5,3,8
mylodontid,mylodontid,0,10,5,3,8
procyonid,procyonide,0,10,5,3,8
Border terrier,Border Terriër,0,14,4,4,8
spouter,uitsmijter,0,10,5,3,8
Unguiculata,Unguiculata,0,11,5,3,8
pichiciago,Pichiciago,0,10,5,3,8
dryopithecine,dryopithecine,0,13,4,4,8
Madagascar cat,Madagaskar kat,0,14,4,4,8
Appaloosa,Appaloosa,0,9,5,3,8
white-footed mouse,witvoetmuis,0,11,5,3,8
pouched mole,mol in de zak,15760,13,4,4,8
gomphothere,gomphothere,0,11,5,3,8
European hare,Europese haas,0,13,4,4,8
Zinjanthropus,Zinjanthropus,0,13,4,4,8
crowbait,kraaienbait,0,11,5,3,8
Sennenhunde,Sennenhunde,0,11,5,3,8
Hampshire,Hampshire,0,9,5,3,8
gayal,homoseksueel,0,12,4,4,8
prosimian,halfgoden,0,9,5,3,8
Shetland pony,Shetlandpony,0,12,4,4,8
insectivore,insecteneter,19082,12,4,4,8
potto,aardappel,0,9,5,3,8
Dall sheep,Dall schapen,0,12,4,4,8
staghound,staghound,0,9,5,3,8
pentail,penstaart,0,9,5,3,8
Boston bull,Boston stier,0,12,4,4,8
broadtail,broadtail,0,9,5,3,8
Seeing Eye dog,Ooghond zien,0,12,4,4,8
Gordon setter,Gordon setter,0,13,4,4,8
English setter,Engelse setter,0,14,4,4,8
Homo erectus,homo erectus,0,12,4,4,8
Eskimo dog,Eskimo hond,0,11,5,3,8
Syrian bear,Syrische beer,0,13,4,4,8
Cashmere goat,Kasjmier geit,0,13,4,4,8
prototherian,prototherisch,0,13,4,4,8
Walker hound,Walker hond,0,11,5,3,8
Plott hound,Plott hound,0,11,5,3,8
viverrine,viverrine,0,9,5,3,8
protohippus,protohippus,0,11,5,3,8
nonstarter,niet-starter,0,12,4,4,8
Appenzeller,Appenzeller,0,11,5,3,8
Sivapithecus,Sivapithecus,0,12,4,4,8
EntleBucher,EntleBucher,0,11,5,3,8
unguiculate,unguiculaat,0,11,5,3,8
Saint Bernard,Sint Bernard,0,12,4,4,8
Irish terrier,Ierse terriër,0,13,4,4,8
earless seal,oorloze zeehond,15681,15,4,4,8
pinniped mammal,pinniped zoogdier,37775,17,3,5,8
Tarsius syrichta,Tarsius syrichta,0,16,4,4,8
saber-toothed tiger,sabeltandtijger,0,15,4,4,8
eastern cottontail,oostelijke katoenstaartkonijn,146203,29,3,5,8
southern bog lemming,zuidelijke moeras lemmingen,205345,27,3,5,8
northern bog lemming,noordelijke moeraslemmingen,205345,27,3,5,8
Rhodesian man,Rhodesische man,0,15,4,4,8
bucking bronco,bokkend wild paard,261147,18,3,5,8
mantled ground squirrel,mantel grondeekhoorn,47092,20,3,5,8
silky anteater,zijdeachtige miereneter,90505,23,3,5,8
Aegyptopithecus,Aegyptopithecus,0,15,4,4,8
banded palm civet,gestreepte palmcivetkat,65522,23,3,5,8
blacktail prairie dog,Blacktail Prairiehond,51565,21,3,5,8
crab-eating dog,krab etende hond,0,16,4,4,8
eastern chipmunk,oosterse aardeekhoorn,296712,21,3,5,8
silky tamarin,zijdezachte tamarin,58299,19,3,5,8
Blenheim spaniel,Blenheim-spaniël,0,16,4,4,8
carnivorous bat,vleesetende vleermuis,328116,21,3,5,8
woolly rhinoceros,wolharige neushoorn,351147,19,3,5,8
Cynopterus sphinx,Cynopterus sfinx,0,16,4,4,8
blacktail jackrabbit,blacktail jackrabbit,51565,20,3,5,8
Japanese spaniel,Japanse spaniël,0,15,4,4,8
European rabbit,Europees konijn,0,15,4,4,8
pygmy marmoset,pygmee zijdeaapje,62254,17,3,5,8
beaked whale,spitssnuitdolfijn,131696,17,3,5,8
pocketed bat,gepotte vleermuis,188360,17,3,5,8
harnessed antelope,getuigde antilope,292618,17,3,5,8
giant eland,gigantische eland,155343,17,3,5,8
Pithecanthropus,Pithecanthropus,0,15,4,4,8
striped hyena,gestreepte hyena,268889,16,3,5,8
two-year-old horse,tweejarig paard,0,15,4,4,8
remount,opnieuw monteren,91864,16,3,5,8
female mammal,vrouwelijk zoogdier,1251818,19,2,5,7
spotted skunk,gevlekt stinkdier,937406,17,2,5,7
standard schnauzer,standaard schnauzer,514083,19,2,5,7
Charolais,Charolais,0,9,5,2,7
baleen whale,baleinwalvis,78093,12,3,4,7
mastiff bat,mastiff vleermuis,542726,17,2,5,7
hominoid,hominoïde,14145,9,4,3,7
carthorse,trekpaard,0,9,5,2,7
ichneumon,sluipwesp,19752,9,4,3,7
imperial mammoth,keizerlijke mammoet,2207269,19,2,5,7
striped skunk,gestreept stinkdier,937406,19,2,5,7
jackass bat,jackass vleermuis,772104,17,2,5,7
central chimpanzee,centrale chimpansee,432081,19,2,5,7
longwool,lange wol,0,9,4,3,7
silky terrier,zijdeachtige terriër,1749406,20,2,5,7
valley pocket gopher,Valley pocket gopher,1171418,20,2,5,7
warthog,wrattenzwijn,256795,12,3,4,7
baronduki,baronduki,0,9,5,2,7
chickeree,chickeree,0,9,5,2,7
brown hyena,bruine hyena,268889,12,3,4,7
antelope squirrel,antilope eekhoorn,1215883,17,2,5,7
common eland,gewone eland,155343,12,3,4,7
greater kudu,grotere kudu,140797,12,3,4,7
warrigal,krijgshaftig,32745,12,3,4,7
mylodon,mylodon,0,7,5,2,7
toy spaniel,speelgoed spaniël,1500052,17,2,5,7
Solo man,solo man,0,8,5,2,7
pygmy chimpanzee,pygmee chimpansee,421975,17,2,5,7
lapdog,schoothondje,47506,12,3,4,7
frosted bat,bevroren vleermuis,1162704,18,2,5,7
hare wallaby,hazenwallaby,209288,12,3,4,7
chipmunk,aardeekhoorn,296712,12,3,4,7
horseshoe bat,hoefijzer vleermuis,1487445,19,2,5,7
horseshoe bat,hoefijzer vleermuis,1487445,19,2,5,7
silky pocket mouse,zijdezachte zakmuis,1749406,19,2,5,7
western chimpanzee,westerse chimpansee,432081,19,2,5,7
guadalupe fur seal,guadalupe pelsrob,1084127,17,2,5,7
Java man,Java man,0,8,5,2,7
dik-dik,dik-dik,0,7,5,2,7
masked shrew,gemaskerde spitsmuis,382770,20,2,5,7
Siamese cat,Siamese kat,0,11,4,3,7
western grey squirrel,westelijke grijze eekhoorn,2228308,26,2,5,7
western lowland gorilla,westelijke laaglandgorilla,689014,26,2,5,7
eastern lowland gorilla,oostelijke laaglandgorilla,689014,26,2,5,7
eastern grey squirrel,oostelijke grijze eekhoorn,2228308,26,2,5,7
southern flying squirrel,zuidelijke vliegende eekhoorn,2228308,29,2,5,7
northern flying squirrel,noordelijke vliegende eekhoorn,2228308,30,2,5,7
aquatic mammal,in het water levende zoogdieren,1251818,31,2,5,7
pademelon,pademeloen,0,10,4,3,7
Great Dane,Deense dog,0,10,4,3,7
Clydesdale,Clydesdale,0,10,4,3,7
dinocerate,dinocerate,0,10,4,3,7
Paranthropus,Paratropus,0,10,4,3,7
Cro-magnon,Cro-magnon,0,10,4,3,7
leveret,jonge haas,0,10,4,3,7
Peking man,Peking man,0,10,4,3,7
Fissipedia,Fissipedia,0,10,4,3,7
blackbuck,zwarte bok,0,10,4,3,7
Ibizan hound,Ibiza-hond,0,10,4,3,7
phenacomys,phenacomys,0,10,4,3,7
steeplechaser,torenspits,0,10,4,3,7
jerboa rat,jerboa rat,0,10,4,3,7
angwantibo,angwantibo,0,10,4,3,7
mesohippus,mesohippie,0,10,4,3,7
southeastern pocket gopher,zuidoostelijke zakgopher,1171418,24,2,5,7
pouched mouse,muis in zak,15760,11,4,3,7
columbian mammoth,Colombiaanse mammoet,856074,20,2,5,7
bezoar goat,bezoar geit,15819,11,4,3,7
binturong,binturong,0,9,4,3,7
dinoceras,dinoceras,0,9,4,3,7
bassarisk,bassarisk,0,9,4,3,7
Border collie,Bordercollie,0,12,4,3,7
bellwether,klokkenluider,147569,13,3,4,7
northern pocket gopher,noordelijke zakgopher,1171418,21,2,5,7
Percheron,Percheron,0,9,4,3,7
whitetail prairie dog,whitetail prairiehond,503167,21,2,5,7
metatherian,metatheriaan,0,12,4,3,7
Chihuahua,Chihuahua,0,9,4,3,7
eastern chimpanzee,oostelijke chimpansee,432081,21,2,5,7
Doberman,Dobermann,0,9,4,3,7
brewer's mole,brouwersmol,0,11,4,3,7
bettong,weddenschap,0,11,4,3,7
bullterrier,bullterrier,0,11,4,3,7
Rambouillet,Rambouillet,0,11,4,3,7
boarhound,zwijnenhond,0,11,4,3,7
Burmese cat,Birmese kat,0,11,4,3,7
giant kangaroo,gigantische kangoeroe,1804285,21,2,5,7
barren ground caribou,onvruchtbare kariboes,1112781,21,2,5,7
giant armadillo,gigantisch gordeldier,393754,21,2,5,7
hooded skunk,stinkdier met capuchon,937406,22,2,5,7
groenendael,groenendael,17444,11,4,3,7
phalanger,phalanger,0,9,4,3,7
tarsier,spookdiertje,27528,12,3,4,7
woolly mammoth,wolharige mammoet,421282,17,2,5,7
Ungulata,Ungulata,0,8,5,2,7
bowhead,Groenlandse Zee,57873,15,3,4,7
Lippizan,Lippizan,0,8,5,2,7
mangabey,mangabey,0,8,5,2,7
Galloway,Galloway,0,8,5,2,7
Brahman,brahmaan,0,8,5,2,7
kinkajou,kinkajou,0,8,5,2,7
Arabian,Arabisch,0,8,5,2,7
Pomeranian,Pommeren,0,8,5,2,7
tamandua,tamandua,0,8,5,2,7
Leonberg,Leonberg,0,8,5,2,7
leporid,leporide,0,8,5,2,7
prairie vole,prairie woelmuis,202319,16,3,4,7
common wallaby,gewone wallaby,209288,14,3,4,7
water vole,water woelmuis,202319,14,3,4,7
chigetai,chigetai,0,8,5,2,7
fanaloka,fanaloka,0,8,5,2,7
brown lemming,bruine lemmingen,205345,16,3,4,7
black rhinoceros,zwarte neushoorn,351147,16,3,4,7
grey lemming,grijze lemmingen,205345,16,3,4,7
collared peccary,Gekraagde Pekari,33551,16,3,4,7
grivet,grivet,0,6,5,2,7
pine vole,dennen woelmuis,202319,15,3,4,7
bonnet macaque,motorkap makaak,186614,15,3,4,7
coondog,coondog,0,7,5,2,7
kanchil,kanchil,0,7,5,2,7
pallid bat,bleke vleermuis,152974,15,3,4,7
pied lemming,bonte lemmingen,205345,15,3,4,7
nilgai,nijlgau,0,7,5,2,7
vaquita,vaquita,0,7,5,2,7
small civet,kleine civetkat,65522,15,3,4,7
tatouay,tatouay,0,7,5,2,7
tamarau,tamarau,0,7,5,2,7
manul,manueel,0,7,5,2,7
markhor,markhor,0,7,5,2,7
white rhinoceros,witte neushoorn,351147,15,3,4,7
common opossum,gewone opossum,193023,14,3,4,7
cetacean,walvisachtigen,175388,14,3,4,7
cattalo,cattalo,0,7,5,2,7
large civet,grote civetkat,65522,14,3,4,7
flying lemur,vliegende maki,287912,14,3,4,7
spotted hyena,gevlekte hyena,268889,14,3,4,7
banteng,banteng,0,7,5,2,7
tamarisk gerbil,tamarisk gerbil,71020,15,3,4,7
sassaby,sassaby,0,7,5,2,7
Arctic fox,poolvos,0,7,5,2,7
muishond,muishond,0,8,5,2,7
water vole,water woelmuis,202319,14,3,4,7
chevrotain,chevrotain,0,10,4,3,7
collared pika,halsband pika,169966,13,3,4,7
bandicoot rat,bandicoot rat,259524,13,3,4,7
true marmoset,echte zijdeaapje,62254,16,3,4,7
urial,uriaal,0,6,5,2,7
miniature pinscher,dwergpinscher,360844,13,3,4,7
longtail weasel,langstaart wezel,47398,16,3,4,7
abrocome,abrocome,0,8,5,2,7
Hereford,Hereford,0,8,5,2,7
coypu,beverrat,0,8,5,2,7
trotting horse,dravend paard,273193,13,3,4,7
milking shorthorn,korthoorn melken,66375,16,3,4,7
little chief hare,kleine opperhaas,1976109,16,2,5,7
Shih-Tzu,Shih-Tzu,0,8,5,2,7
Guernsey,Guernsey,0,8,5,2,7
domestic llama,binnenlandse lama,1033922,17,2,5,7
slow loris,langzame lori,299596,13,3,4,7
edentate,edentaat,0,8,5,2,7
suricate,suricate,0,8,5,2,7
affenpinscher,affenpinscher,67107,13,3,4,7
hinny,muilezel,0,8,5,2,7
cuscus,koeskoes,0,8,5,2,7
water shrew,waterspitsmuis,382770,14,2,4,6
snow leopard,sneeuwluipaard,2153753,14,2,4,6
giant schnauzer,reuzenschnauzer,514083,15,2,4,6
hoary marmot,grijze marmot,400092,13,2,4,6
kangaroo mouse,kangoeroe muis,1804285,14,2,4,6
water spaniel,waterspaniël,1500052,12,2,4,6
least shrew,minste spits,382770,12,2,4,6
orangutan,orangoetan,203375,10,3,3,6
kangaroo rat,kangoeroe rat,1804285,13,2,4,6
mountain chinchilla,berg chinchilla,496483,15,2,4,6
marsupial,buideldier,120968,10,3,3,6
hartebeest,hartebeest,27245,10,3,3,6
capuchin,kapucijner,111619,10,3,3,6
anthropoid,antropoïde,30845,10,3,3,6
mule deer,muildierhert,2138641,12,2,4,6
toothed whale,tandwalvis,333484,10,3,3,6
river otter,rivier Otter,1662335,12,2,4,6
ungulate,hoefdieren,51011,10,3,3,6
common raccoon,gewone wasbeer,633241,14,2,4,6
golden hamster,gouden hamster,1444712,14,2,4,6
rock hyrax,rots hyrax,28208,10,3,3,6
rat kangaroo,rattenkangoeroe,1804285,15,2,4,6
cheetah,Jachtluipaard,1111796,13,2,4,6
little brown bat,kleine bruine vleermuis,7725300,23,1,5,6
toy poodle,speelgoedpoedel,1159696,15,2,4,6
stablemate,stalgenoot,33048,10,3,3,6
plains pocket gopher,effen zak gopher,1171418,16,2,4,6
bull mastiff,stier mastiff,542726,13,2,4,6
fox squirrel,vos eekhoorn,2228308,12,2,4,6
kangaroo mouse,kangoeroe muis,1804285,14,2,4,6
jackrabbit,jackrabbit,200400,10,3,3,6
schipperke,schipperke,102078,10,3,3,6
sable antelope,sabelantilope,1215883,13,2,4,6
domestic goat,binnenlandse geit,5231735,17,1,5,6
rock wallaby,rotswallaby,209288,11,3,3,6
bluetick,blauwe vink,33985,11,3,3,6
ground squirrel,grond eekhoorn,2228308,14,2,4,6
large poodle,grote poedel,1159696,12,2,4,6
red squirrel,rode eekhoorn,2228308,13,2,4,6
springer spaniel,springer spaniël,1500052,16,2,4,6
warhorse,oorlogspaard,55544,12,3,3,6
miniature poodle,miniatuur poedel,1159696,16,2,4,6
tree shrew,boomspitsmuis,382770,13,2,4,6
rock squirrel,rots eekhoorn,2228308,13,2,4,6
meerkat,stokstaartje,113040,12,3,3,6
tree squirrel,boom eekhoorn,2228308,13,2,4,6
squirrel monkey,eekhoorn aap,2228308,12,2,4,6
platypus,vogelbekdier,565585,12,2,4,6
porcupine,stekelvarken,682384,12,2,4,6
otter shrew,otterspitsmuis,382770,14,2,4,6
standard poodle,standaard poedel,1159696,16,2,4,6
ground sloth,grondluiaard,519428,12,2,4,6
tree wallaby,boomwallaby,209288,11,3,3,6
cave myotis,grot myotis,87222,11,3,3,6
grasshopper mouse,sprinkhaan muis,595548,15,2,4,6
slender loris,slanke lori,299596,11,3,3,6
goat antelope,geit antilope,1215883,13,2,4,6
domestic sheep,gedomesticeerde schapen,8962638,23,1,5,6
cocker spaniel,Cocker spaniel,916858,14,2,4,6
big brown bat,grote bruine vleermuis,7725300,22,1,5,6
black squirrel,zwarte eekhoorn,2228308,15,2,4,6
vampire bat,vampier vleermuis,6024192,17,1,5,6
sei whale,noordse vinvis,1279042,14,2,4,6
cavalry horse,cavalerie paard,1974089,15,2,4,6
snowshoe hare,sneeuwschoenhaas,686932,16,2,4,6
miniature schnauzer,dwergschnauzer,514083,14,2,4,6
meadow jumping mouse,weide springende muis,3549050,21,1,5,6
gerbil,woestijnrat,257476,11,3,3,6
musk kangaroo,musk kangoeroe,1006200,14,2,4,6
lesser kudu,kleine kudu,140797,11,3,3,6
shrew mole,spitsmuis mol,382770,13,2,4,6
porker,vleesvarken,112039,11,3,3,6
opossum rat,opossum rat,193023,11,3,3,6
domestic ass,binnenlandse kont,35724637,17,1,5,6
marmoset,zijdeaapje,62254,10,3,3,6
Devon,Devon,0,5,5,1,6
otterhound,otterhond,51251,9,3,3,6
wolfhound,wolfshond,157862,9,3,3,6
muskrat,muskusrat,167121,9,3,3,6
bottlenose dolphin,tuimelaar,181605,9,3,3,6
proconsul,proconsul,43779,9,3,3,6
coonhound,coonhound,186679,9,3,3,6
pangolin,schubdier,40825,9,3,3,6
foxhound,jachthond,114360,9,3,3,6
guano bat,guano bat,191918,9,3,3,6
ermine,hermelijn,146290,9,3,3,6
glutton,veelvraat,112033,9,3,3,6
carnivore,carnivoor,347538,9,3,3,6
finback,finback,0,7,4,2,6
Lincoln,Lincoln,0,7,4,2,6
workhorse,werkpaard,349383,9,3,3,6
napu,napu,0,4,5,1,6
taguan,taguaan,0,7,4,2,6
Cardigan,Vest,0,4,5,1,6
Cheviot,Cheviot,0,7,4,2,6
muntjac,muntjak,20454,7,4,2,6
mouflon,moeflon,18483,7,4,2,6
rhinoceros,neushoorn,351147,9,3,3,6
Ayrshire,Ayrshire,0,8,4,2,6
Maltese,Maltees,0,7,4,2,6
gee-gee,gee-gee,0,7,4,2,6
aye-aye,aye-aye,0,7,4,2,6
guereza,guereza,0,7,4,2,6
gerenuk,gerenuk,0,7,4,2,6
silverback,zilverrug,143182,9,3,3,6
stoat,hermelijn,49468,9,3,3,6
rorqual,rorqual,0,7,4,2,6
pronghorn,pronghorn,116308,9,3,3,6
lagomorph,lagomorf,0,8,4,2,6
macrotus,macrotus,0,8,4,2,6
serotine,serotine,0,8,4,2,6
Reynard,Reynaert,0,8,4,2,6
Pekinese,Pekinees,0,8,4,2,6
babirusa,babirusa,0,8,4,2,6
eohippus,eohippus,0,8,4,2,6
pricket,pik,0,3,5,1,6
talapoin,talapoin,0,8,4,2,6
viscacha,viscacha,0,8,4,2,6
Cotswold,Cotswold,0,8,4,2,6
Africander,Afrikaan,0,8,4,2,6
Abyssinian,Abessijn,0,8,4,2,6
housedog,huishond,0,8,4,2,6
tarpan,zeildoek,0,8,4,2,6
Airedale,Airedale,0,8,4,2,6
anoa,anoa,0,4,5,1,6
leopardess,luipaard,0,8,4,2,6
Samoyed,Samojeed,0,8,4,2,6
wirehair,draadhaar,0,9,4,2,6
hippopotamus,nijlpaard,223453,9,3,3,6
dormouse,slaapmuis,74684,9,3,3,6
mountain paca,berg paca,112954,9,3,3,6
Manx,Manx,0,4,5,1,6
malinois,Mechelaar,100630,9,3,3,6
jird,jird,0,4,5,1,6
clumber,onhandige,115594,9,3,3,6
siamang,siamang,0,7,4,2,6
Pembroke,Pembroke,0,8,4,2,6
onager,onager,0,6,5,1,6
anteater,miereneter,90505,10,3,3,6
uakari,uakari,0,6,5,1,6
tayra,tayra,0,5,5,1,6
Angora,Angora,0,6,4,2,6
Morgan,Morgan,0,6,5,1,6
suslik,suslik,0,6,5,1,6
Exmoor,Exmoor,0,6,5,1,6
Exmoor,Exmoor,0,6,5,1,6
Welsh,Welsh,0,5,5,1,6
bandicoot,bandicoot,259524,9,3,3,6
mountain nyala,berg nyala,73950,10,3,3,6
dhole,dhole,0,5,5,1,6
tenrec,tenrec,0,6,5,1,6
echidna,mierenegel,98423,10,3,3,6
kaffir cat,kaffir kat,69978,10,3,3,6
echidna,mierenegel,98423,10,3,3,6
dasyure,dasure,0,6,4,1,5
keeshond,keeshond,108693,8,3,2,5
palfrey,rijpaard,116895,8,3,2,5
naked mole rat,naakte molrat,2256537,13,1,4,5
Angora,Angora,0,6,4,1,5
Durham,Durham,0,6,4,1,5
addax,addax,16108,5,4,1,5
Lhasa,Lhasa,0,5,4,1,5
ratel,ratel,16306,5,4,1,5
false vampire,valse vampier,6024192,13,1,4,5
racehorse,renpaard,182168,8,3,2,5
flying fox,vliegende vos,17948471,13,1,4,5
common dolphin,gewone dolfijn,4551363,14,1,4,5
river dolphin,rivier dolfijn,4551363,14,1,4,5
serow,serow,0,5,4,1,5
cotton mouse,katoenen muis,23279423,13,1,4,5
aardwolf,aardwolf,23152,8,3,2,5
Jersey,Jersey,0,6,4,1,5
toy dog,speelgoed hond,26924831,14,1,4,5
aperea,aperea,0,6,4,1,5
pinscher,pinscher,360844,8,3,2,5
harbor porpoise,bruinvis,198747,8,3,2,5
peba,peba,0,4,4,1,5
blue whale,blauwe vinvis,5928569,13,1,4,5
white elephant,witte Olifant,6116985,13,1,4,5
argali,argali,0,6,4,1,5
swamp rabbit,moeras konijn,2575587,13,1,4,5
grey whale,grijze walvis,5928569,13,1,4,5
Angora,Angora,0,6,4,1,5
lionet,lionet,0,6,4,1,5
numbat,numbat,17700,6,4,1,5
Saluki,Saluki,0,6,4,1,5
grison,grison,0,6,4,1,5
guenon,guenon,13581,6,4,1,5
plains pocket mouse,effen zakmuis,7584638,13,1,4,5
rat terrier,rattenterriër,4448988,13,1,4,5
waterbuck,waterbok,44020,8,3,2,5
coydog,coydog,0,6,4,1,5
bovid,bovid,0,5,4,1,5
wild sheep,wilde schapen,8962638,13,1,4,5
wood rabbit,houten konijn,9208689,13,1,4,5
ibex,steenbok,332704,8,3,2,5
tiglon,tiglon,0,6,4,1,5
spotted lynx,gevlekte lynx,3555424,13,1,4,5
chacma,chacma,0,6,4,1,5
steenbok,steenbok,20881,8,3,2,5
capybara,capibara,39856,8,3,2,5
mandrill,mandril,50442,7,3,2,5
farm horse,boerderij paard,47934860,15,1,4,5
basenji,basenji,139212,7,3,2,5
carabao,karabao,24132,7,3,2,5
colobus,colobus,54191,7,3,2,5
stirk,roer,13276,4,4,1,5
liver chestnut,lever kastanje,2951306,14,1,4,5
lerot,lero,0,4,4,1,5
jumping mouse,springende muis,5154366,15,1,4,5
burro,ezeltje,178515,7,3,2,5
aurochs,oeros,0,5,4,1,5
lemming,lemming,205345,7,3,2,5
zoril,zoril,0,5,4,1,5
wallaby,wallaby,209288,7,3,2,5
brocket,brocket,44975,7,3,2,5
kuvasz,kuvaszo,72446,7,3,2,5
polecat,bunzing,48373,7,3,2,5
male horse,mannelijk paard,58453720,15,1,4,5
guanaco,guanaco,28561,7,3,2,5
gemsbok,gemsbok,34814,7,3,2,5
dugong,doejong,103769,7,3,2,5
pinche,knijpen,29542,7,3,2,5
redbone,redbone,102635,7,3,2,5
prancer,prancer,30174,7,3,2,5
anthropoid ape,mensaap,30845,7,3,2,5
caracal,caracal,33516,7,3,2,5
brocket,brocket,44975,7,3,2,5
lioness,leeuwin,241895,7,3,2,5
whippet,whippet,218392,7,3,2,5
red bat,rode vleermuis,7725300,14,1,4,5
grampus,grampus,25491,7,3,2,5
aoudad,aoudad,0,6,4,1,5
tigress,tijgerin,102247,8,3,2,5
vole,woelmuis,202319,8,3,2,5
malamute,malamute,204075,8,3,2,5
golden retriever,Golden retriever,2245974,16,1,4,5
mudder,modder,21284,6,3,2,5
potoroo,potoo,0,5,4,1,5
packhorse,pakpaard,74141,8,3,2,5
hominid,hominide,244937,8,3,2,5
palomino,palomino,365008,8,3,2,5
Friesian,Fries,0,5,4,1,5
harbor seal,gewone zeehond,14117675,14,1,4,5
sporting dog,sportieve hond,24320042,14,1,4,5
right whale,rechter walvis,5928569,14,1,4,5
toy terrier,speelgoedterriër,4448988,16,1,4,5
puku,puku,14725,4,4,1,5
flying mouse,vliegende muis,17948471,14,1,4,5
galago,galago,59420,6,3,2,5
kelpie,kelpie,65473,6,3,2,5
rogue elephant,schurken olifant,4576302,16,1,4,5
proboscis monkey,neusaap,72906,7,3,2,5
baboon,baviaan,359080,7,3,2,5
packrat,packrat,57832,7,3,2,5
orange bat,oranje vleermuis,7725300,16,1,4,5
brown bat,bruine vleermuis,7725300,16,1,4,5
opossum,opossum,193023,7,3,2,5
pachyderm,dikhuid,57045,7,3,2,5
wisent,wijs,15684,4,4,1,5
fruit bat,fruitvleermuis,7725300,14,1,4,5
porpoise,bruinvis,198747,8,3,2,5
pariah dog,paria hond,395153,10,2,3,5
bighorn,grote hoorn,437496,11,2,3,5
fallow deer,damherten,411349,9,2,3,5
wildcat,wilde kat,965878,9,2,3,5
dalmatian,dalmatiër,387787,9,2,3,5
bear cub,berenjong,2235775,9,2,3,5
schnauzer,schnauzer,514083,9,2,3,5
plow horse,ploeg paard,1128101,11,2,3,5
stone marten,Steenmarter,398018,11,2,3,5
pygmy mouse,pygmee muis,421975,11,2,3,5
aardvark,aardvarken,629356,10,2,3,5
raccoon dog,wasbeerhond,633241,11,2,3,5
musk deer,musk hert,1006200,9,2,3,5
woolly monkey,wollige aap,421282,11,2,3,5
sloth bear,luiaard beer,519428,12,2,3,5
lion cub,Leeuwen welp,2235775,12,2,3,5
pygmy sperm whale,dwerg potvis,421975,12,2,3,5
common zebra,gewone zebra,2902469,12,1,4,5
rabbit ears,konijnenoren,7324193,12,1,4,5
dwarf sperm whale,dwerg potvis,3072068,12,1,4,5
lesser panda,kleine panda,3424825,12,1,4,5
ruminant,herkauwer,210225,9,3,2,5
rodent,knaagdier,997875,9,2,3,5
pacer,gangmaker,409457,9,2,3,5
mastodon,mastodont,209320,9,3,2,5
armadillo,gordeldier,393754,10,2,3,5
griffon,griffioen,388656,9,2,3,5
wolverine,veelvraat,1542951,9,2,3,5
feline,katachtig,1337137,9,2,3,5
humpback,gebochelde,422428,10,2,3,5
griffon,griffioen,388656,9,2,3,5
chimpanzee,chimpansee,432081,10,2,3,5
pine marten,boommarter,398018,10,2,3,5
longhorn,langhoorn,1768593,9,2,3,5
skunk,stinkdier,937406,9,2,3,5
chinchilla,chinchilla,496483,10,2,3,5
tabby,gestreept,504455,9,2,3,5
mountain gorilla,berggorilla,1931906,11,2,3,5
kangaroo,kangoeroe,1804285,9,2,3,5
pacer,gangmaker,409457,9,2,3,5
common shrew,spitsmuis,382770,9,2,3,5
shrew,spitsmuis,382770,9,2,3,5
tabby,gestreept,504455,9,2,3,5
sable,sabelmarter,1501050,11,2,3,5
field spaniel,veldspaniël,1500052,11,2,3,5
leopard cat,luipaardkat,2153753,11,2,3,5
black sheep,zwart schaap,8962638,12,1,4,5
cairn,steenhoop,688283,9,2,3,5
wild boar,wild zwijn,896795,10,2,3,5
white whale,witte walvis,5928569,12,1,4,5
komondor,komondor,67610,8,3,2,5
tiger cub,tijgerwelp,2235775,10,2,3,5
mountain sheep,berg schapen,8962638,12,1,4,5
silver fox,zilveren vos,23795336,12,1,4,5
wolf pup,wolvenjong,1564770,10,2,3,5
dark horse,donker paard,50669807,12,1,4,5
red poll,rode peiling,23522790,12,1,4,5
marsh hare,moerashaas,1976109,10,2,3,5
razorback,scheermes,201640,9,3,2,5
woodland caribou,boskariboe,1112781,10,2,3,5
thylacine,thylacine,32073,9,3,2,5
meadow vole,weidemuis,202319,9,3,2,5
harrier,kiekendief,503519,10,2,3,5
tortoiseshell,schildpad,79970,9,3,2,5
native cat,inheemse kat,35160636,12,1,4,5
tamarin,tamarijn,58299,8,3,2,5
brood bitch,broed teef,1042305,10,2,3,5
springbok,springbok,206102,9,3,2,5
hearing dog,horende hond,38521552,12,1,4,5
water buffalo,water Buffel,17808542,12,1,4,5
broodmare,fokmerrie,76859,9,3,2,5
bobcat,bobcat,724471,6,2,2,4
dachshund,teckel,722619,6,2,2,4
mouser,mouser,521786,6,2,2,4
grey fox,grijze vos,18276942,10,1,3,4
lechwe,lechwe,22910,6,3,1,4
lesser ape,kleine aap,2433746,10,1,3,4
okapi,okapi,59009,5,3,1,4
peludo,peludo,26932,6,3,1,4
coati,coati,20528,5,3,1,4
harness horse,tuigpaard,4745215,9,1,3,4
patas,pata's,52533,6,3,1,4
saiga,saiga,45727,5,3,1,4
white wolf,witte wolf,13001992,10,1,3,4
kiang,kiang,67078,5,3,1,4
agouti,agouti,78490,6,3,1,4
tapir,tapir,86809,5,3,1,4
zebu,zeboe,36524,5,3,1,4
polo pony,polo pony,4769062,9,1,3,4
black fox,zwarte Vos,23795336,10,1,3,4
fossa,fossa,205501,5,3,1,4
eland,eland,155343,5,3,1,4
goral,goral,22229,5,3,1,4
post horse,post paard,58453720,10,1,3,4
royal,Koninklijk,45407189,10,1,3,4
wild ass,wilde kont,39937252,10,1,3,4
vicuna,vicuna,24501,6,3,1,4
big cat,grote kat,46839855,9,1,3,4
wild horse,wild paard,39937252,10,1,3,4
wild dog,wilde hond,39937252,10,1,3,4
red deer,rood Hert,10007644,9,1,3,4
giraffe,giraffe,978584,7,2,2,4
groundhog,marmot,670464,6,2,2,4
merino,merino,685519,6,2,2,4
black rat,zwarte rat,10626001,10,1,3,4
basset,basset,591680,6,2,2,4
wheel horse,wiel paard,25342937,10,1,3,4
narwhal,narwal,111413,6,3,1,4
brown rat,bruine rat,10626001,10,1,3,4
liger,lijger,114950,6,3,1,4
shire,graafschap,2665081,10,1,3,4
draft horse,trekpaard,35033621,9,1,3,4
rice rat,rijst rat,10626001,9,1,3,4
feist,feist,351412,5,3,1,4
spaniel,spaniël,1500052,7,2,2,4
cavy,cavia,77604,5,3,1,4
takin,takin,377723,5,3,1,4
quagga,quagga,251030,6,3,1,4
serval,serval,48441,6,3,1,4
cinnamon bear,kaneelbeer,3130642,10,1,3,4
golden mole,gouden mol,2256537,10,1,3,4
ocelot,ocelot,135761,6,3,1,4
langur,langur,34753,6,3,1,4
wild goat,wilde geit,5231735,10,1,3,4
cactus mouse,cactusmuis,2475082,10,1,3,4
jennet,jennet,34046,6,3,1,4
hog badger,varkensdas,2268262,10,1,3,4
hyrax,hyrax,28208,5,3,1,4
spitz,spits,351048,5,3,1,4
bushbuck,bosbok,30070,6,3,1,4
peccary,pekari,33551,6,3,1,4
lemur,lemur,287912,5,3,1,4
margay,margay,37395,6,3,1,4
briard,briard,99762,6,3,1,4
wapiti,wapiti,87487,6,3,1,4
civet,civet,65522,5,3,1,4
vizsla,vizsla,146533,6,3,1,4
saddle horse,zadelpaard,4499280,10,1,3,4
borzoi,borzoi,152926,6,3,1,4
lapin,lapin,162426,5,3,1,4
macaque,makaak,186614,6,3,1,4
chamois,gemzen,355905,6,3,1,4
pooch,hondje,348386,6,3,1,4
courser,cursus,43493,6,3,1,4
hyena,hyena,268889,5,3,1,4
rhesus,rhesus,345267,6,3,1,4
cotton rat,katoen rat,10626001,10,1,3,4
sorrel,zuring,293520,6,3,1,4
mountain beaver,bergbever,8682215,9,1,3,4
vervet,vervet,38738,6,3,1,4
harpy,harpij,107008,6,3,1,4
cayuse,cayuse,106475,6,3,1,4
sambar,sambar,79132,6,3,1,4
tusker,tusker,80069,6,3,1,4
water dog,waterhond,77271631,9,1,3,4
mule,muilezel,2138641,8,2,2,4
blue fox,blauwe vos,23795336,10,1,3,4
swine,zwijnen,1578713,7,2,2,4
placental,placenta,379752,8,2,2,4
papillon,papillon,552534,8,2,2,4
tiger cat,tijgerkat,13763074,9,1,3,4
titi,titi,102146,4,3,1,4
retriever,retriever,2245974,9,1,3,4
nude mouse,naakte muis,33667003,11,1,3,4
brown bear,bruine beer,31981362,11,1,3,4
mountain zebra,bergzebra,2902469,9,1,3,4
equine,paarden,2240303,7,2,2,4
prairie dog,prairiehond,8843835,11,1,3,4
grizzly,grizzly,1747623,7,2,2,4
pika,pika,169966,4,3,1,4
coach horse,coach paard,24514961,11,1,3,4
bloodhound,bloedhond,2407510,9,1,3,4
beef,rundvlees,11441469,9,1,3,4
pole horse,paal paard,9377429,10,1,3,4
gorilla,gorilla,1931906,7,2,2,4
saki,saki,194667,4,3,1,4
loir,loir,47220,4,3,1,4
great ape,grote aap,2433746,9,1,3,4
fox terrier,Fox Terrier,4448988,11,1,3,4
common lynx,gewone lynx,3555424,11,1,3,4
gaur,gaur,68967,4,3,1,4
oryx,oryx,277144,4,3,1,4
paca,paca,112954,4,3,1,4
yearling,eenjarig,414544,8,2,2,4
leopard,luipaard,2153753,8,2,2,4
wharf rat,kade rat,2226856,8,2,2,4
polar hare,poolhaas,1976109,8,2,2,4
greyhound,windhond,1760066,8,2,2,4
antelope,antilope,1215883,8,2,2,4
sea otter,zeeotter,1662335,8,2,2,4
mammoth,mammoet-,2207269,8,2,2,4
pug,mopshond,1573807,8,2,2,4
squirrel,eekhoorn,2228308,8,2,2,4
moke,mok,61675,3,3,1,4
cob,maïskolf,1033106,8,2,2,4
bearded seal,baardrob,863617,8,2,2,4
gib,gib,313026,3,3,1,4
mongoose,mangoest,678562,8,2,2,4
thoroughbred,volbloed,899633,8,2,2,4
musk ox,muskusos,1006200,8,2,2,4
sled dog,sleehond,1134521,8,2,2,4
roan,roan,347407,4,3,1,4
ferret badger,fret das,1543424,8,2,2,4
buckskin,daim,248642,4,3,1,4
yearling,eenjarig,414544,8,2,2,4
giant panda,grote panda,3424825,11,1,3,4
ant bear,mierenbeer,6182704,10,1,3,4
hazel mouse,hazelmuis,2841268,9,1,3,4
pole horse,paal paard,9377429,10,1,3,4
howler monkey,brulaap,397864,7,2,2,4
deer mouse,herten muis,10007644,11,1,3,4
fawn,reekalf,761340,7,2,2,4
red wolf,rode wolf,13001992,9,1,3,4
jackal,jakhals,410696,7,2,2,4
hunting dog,jachthond,19830577,9,1,3,4
raccoon,wasbeer,633241,7,2,2,4
gazelle,gazelle,430517,7,2,2,4
caribou,kariboe,1112781,7,2,2,4
primate,primaat,1047081,7,2,2,4
elephant seal,zeeolifant,6116985,10,1,3,4
nyala,nyala,73950,5,3,1,4
bovine,runderen,2025195,8,2,2,4
hackney,hackney,1054260,7,2,2,4
green monkey,groene aap,9983383,10,1,3,4
bird dog,jachthond,29437150,9,1,3,4
hamster,hamster,1444712,7,2,2,4
stepper,stepper,624580,7,2,2,4
harvest mouse,oogst muis,9368863,10,1,3,4
beaver rat,bever rat,8682215,9,1,3,4
sloth,luiaard,519428,7,2,2,4
jungle cat,jungle kat,7151430,10,1,3,4
mastiff,mastiff,542726,7,2,2,4
stud,dekhengst,9477498,9,1,3,4
police dog,politiehond,64198152,11,1,3,4
indri,indri,58805,5,3,1,4
kudu,kudu,140797,4,3,1,4
guide dog,geleidehond,77271631,11,1,3,4
sausage dog,worst hond,2910814,10,1,3,4
shepherd dog,herdershond,5167633,11,1,3,4
quarter horse,kwart paard,36134893,11,1,3,4
kob,kobo,128857,4,3,1,4
attack dog,aanval hond,35599513,11,1,3,4
tiger cat,tijgerkat,13763074,9,1,3,4
corgi,corgi,1063639,5,2,1,3
pinto,pinto,1108872,5,2,1,3
ferret,fret,1543424,4,2,1,3
chow,chow,2054077,4,2,1,3
hedgehog,egel,1368651,4,2,1,3
sow,zeug,1282086,4,2,1,3
ewe,ooi,451269,3,2,1,3
genet,genet,1332113,5,2,1,3
mara,mara,1674798,4,2,1,3
yak,jak,1056994,3,2,1,3
weasel,wezel,882627,5,2,1,3
dun,dun,1673771,3,2,1,3
steed,ros,701658,3,2,1,3
boar,zwijn,896795,5,2,1,3
gelding,ruin,441608,4,2,1,3
bullock,os,1610451,2,2,1,3
hound,hond,2228633,4,2,1,3
bison,bizon,2002028,5,2,1,3
cougar,poema,1437459,5,2,1,3
dingo,dingo,420174,5,2,1,3
heifer,vaars,378574,5,2,1,3
llama,lama,1033922,4,2,1,3
koala,koala,922217,5,2,1,3
pollard,knots,1312749,5,2,1,3
bongo,bongo,767108,5,2,1,3
beagle,brak,1303392,4,2,1,3
otter,Otter,1662335,5,2,1,3
apar,apart,813885,5,2,1,3
hare,haas,1976109,4,2,1,3
bullock,os,1610451,2,2,1,3
wether,of,388837,2,2,1,3
vixen,vixen,885674,5,2,1,3
hind,hindi,1070013,5,2,1,3
sand rat,zandrat,10626001,7,1,2,3
bruin,bruin,455296,5,2,1,3
hack,hacken,6533909,6,1,2,3
palm cat,palmkat,42631203,7,1,2,3
kit fox,kit vos,23795336,7,1,2,3
wood mouse,bosmuis,33667003,7,1,2,3
pocket mouse,zakmuis,33667003,7,1,2,3
forest goat,bosgeit,5231735,7,1,2,3
mustang,mustang,5920696,7,1,2,3
elephant,olifant,6116985,7,1,2,3
fur seal,pelsrob,6824491,7,1,2,3
bat,knuppel,7725300,7,1,2,3
sea cow,zee koe,8267976,7,1,2,3
sand rat,zandrat,10626001,7,1,2,3
wood rat,houtrat,10626001,7,1,2,3
dairy cattle,melkvee,8542988,7,1,2,3
mole rat,Mol Rat,2256537,7,1,2,3
ice bear,ijsbeer,31981362,7,1,2,3
kit fox,kit vos,23795336,7,1,2,3
terrier,terriër,4448988,7,1,2,3
dolphin,dolfijn,4551363,7,1,2,3
charger,oplader,13862324,7,1,2,3
world,wereld-,431934249,7,1,2,3
jaguar,jaguar,6687890,6,1,2,3
domestic cat,huiskat,35724637,7,1,2,3
mole rat,Mol Rat,2256537,7,1,2,3
spider monkey,spin aap,9436277,8,1,2,3
canine,hoektand,2383411,8,1,2,3
cow pony,koe pony,4769062,8,1,2,3
alley cat,Zwerfkat,4541475,8,1,2,3
springer,springer,5544157,8,1,2,3
sewer rat,rioolrat,5008805,8,1,2,3
mountain goat,berggeit,5231735,8,1,2,3
pilot whale,grienden,5928569,8,1,2,3
harp seal,zadelrob,2548850,8,1,2,3
chestnut,kastanje,2951306,8,1,2,3
hooded seal,klapmuts,2708823,8,1,2,3
watchdog,waakhond,2365031,8,1,2,3
working dog,werkhond,77271631,8,1,2,3
timber wolf,houtwolf,8205739,8,1,2,3
water rat,waterrat,10626001,8,1,2,3
sea lion,zeeleeuw,11531749,8,1,2,3
sand cat,zand kat,16327687,8,1,2,3
red fox,rode vos,23795336,8,1,2,3
red fox,rode vos,23795336,8,1,2,3
field mouse,veldmuis,33667003,8,1,2,3
house mouse,huismuis,33667003,8,1,2,3
queen,koningin,32366847,8,1,2,3
hack,hacken,6533909,6,1,2,3
fur seal,pelsrob,6824491,7,1,2,3
walrus,walrus,478325,6,2,1,3
marten,marter,398018,6,2,1,3
murine,murine,997935,6,2,1,3
roebuck,reebok,460565,6,2,1,3
hack,hacken,6533909,6,1,2,3
coyote,coyote,2055263,6,2,1,3
bulldog,buldog,2167341,6,2,1,3
collie,collie,1191722,6,2,1,3
setter,setter,1180860,6,2,1,3
gibbon,gibbon,481964,6,2,1,3
gopher,gopher,1171418,6,2,1,3
simian,simian,488490,6,2,1,3
poodle,poedel,1159696,6,2,1,3
impala,Impala,1036625,6,2,1,3
eared seal,oorrob,513815,6,2,1,3
bronco,bronco,999773,6,2,1,3
wombat,wombat,452511,6,2,1,3
stallion,hengst,1526497,6,2,1,3
marmot,marmot,907714,6,2,1,3
sperm whale,potvis,5928569,6,1,2,3
manatee,zeekoe,784958,6,2,1,3
mink,nerts,994479,5,2,1,3
alpaca,alpaca,852363,6,2,1,3
rat,Rat,10626001,3,1,1,2
cur,cur,3639449,3,1,1,2
wolf,wolf,13001992,4,1,1,2
panther,panter,3552330,6,1,1,2
mare,merrie,2814699,6,1,1,2
pony,pony,4769062,4,1,1,2
boxer,bokser,3592432,6,1,1,2
ox,OS,2258722,2,1,1,2
pony,pony,4769062,4,1,1,2
camel,kameel,11005001,6,1,1,2
ram,RAM,23864106,3,1,1,2
cat,kat,46839855,3,1,1,2
ape,aap,2433746,3,1,1,2
hog,varken,2268262,6,1,1,2
tom,Tom,47775300,3,1,1,2
kitty,pot,6414935,3,1,1,2
fox,Vos,23795336,3,1,1,2
gnu,gnu,24956702,3,1,1,2
buck,bok,6669472,3,1,1,2
horse,paard,58453720,5,1,1,2
fisher,visser,10631475,6,1,1,2
cow,koe,8267976,3,1,1,2
cow,koe,8267976,3,1,1,2
monkey,aap,9983383,3,1,1,2
badger,das,2275812,3,1,1,2
livestock,vee,6843285,3,1,1,2
doe,doe,7946613,3,1,1,2
cattle,vee,8542988,3,1,1,2
zebra,zebra,2902469,5,1,1,2
hart,hart,7416862,4,1,1,2
nanny,oppas,3025474,5,1,1,2
killer whale,orka,5928569,4,1,1,2
rabbit,konijn,9208689,6,1,1,2
bull,stier,10231851,5,1,1,2
tiger,tijger,13763074,6,1,1,2
guinea pig,cavia,7028841,5,1,1,2
grade,cijfer,54275130,6,1,1,2
pony,pony,4769062,4,1,1,2
roe deer,reeën,2536469,5,1,1,2
bear,beer,31981362,4,1,1,2
sheep,schaap,8962638,6,1,1,2
drill,boren,8248787,5,1,1,2
puppy,puppy,6662287,5,1,1,2
whale,walvis,5928569,6,1,1,2
elk,eland,4688629,5,1,1,2
beaver,bever,8682215,5,1,1,2
bunny,konijn,5730050,6,1,1,2
bull,stier,10231851,5,1,1,2
lion,Leeuw,11531749,5,1,1,2
grey,grijs,18276942,5,1,1,2
bitch,teef,8302447,4,1,1,2
pocket rat,zakrat,10626001,6,1,1,2
stag,hert,2429332,4,1,1,2
lynx,lynx,3555424,4,1,1,2
deer,hert,10007644,4,1,1,2
ass,kont,62060498,4,1,1,2
dog,hond,77271631,4,1,1,2
homo,homo,4058353,4,1,1,2
bay,baai,78967124,4,1,1,2
billy,Billy,13515249,5,1,1,2
mole,wrat,2256537,4,1,1,2
jack,jack,46728329,4,1,1,2
seal,zegel,16274039,5,1,1,2
pointer,wijzer,11475647,6,1,1,2
kid,kind,22011943,4,1,1,2
goat,geit,5231735,4,1,1,2
mouse,muis,33667003,4,1,1,2
ox,OS,2258722,2,1,1,2
